Company Name,Industry,Website URL,Contact Number,Email ID,City,State,Outreach Score,Company Size,Domain Status
Buy Buy Baby Inc.,Retail,https://buybuybaby.com,+1 877 328 9222,xxx@buybuybaby.com,Union,NJ,100,Enterprise,active
"Alltronics, LLC",Retail,https://alltronics.com,+1 408 778 3868,xxx@alltronics.com,,,80,Unknown,active
GSI Outdoors Inc,Wholesale & Distribution,https://gsioutdoors.com,+1 800 704 4474,xxx@gsioutdoors.com,,,90,Unknown,active
Fascinations Inc,Wholesale & Distribution,https://fascinations.com,+1 206 870 3000,xxx@fascinations.com,Seattle,WA,100,Mid-Market,active
Exclusively Pet,Food & Beverage,https://exclusivelypet.com,+1 414 365 2933,xxx@exclusivelypet.com,,,90,Unknown,active
Bueno Foods,Food & Beverage,https://buenofoods.com,+1 800 952 4453,xxx@buenofoods.com,,,90,Unknown,active
Awesome Perfumes,Beauty & Cosmetics,https://awesomeperfumes.com,+1 619 293 7663,xxx@awesomeperfumes.com,e,,90,Unknown,active
artbeautique.com,Beauty & Cosmetics,https://artbeautique.com,+1 703 934 5495,xxx@artbeautique.com.,,,90,Unknown,active
Okuma Fishing Tackle,Sports & Outdoor,https://okumafishingusa.com,+1 909 923 2828,xxx@okumafishingusa.com,corp,,90,Mid-Market,active
AkzanWholesale,Sports & Outdoor,https://akzanwholesale.com,+1 213 746 8696,xxx@akzanwholesale.com,,,90,Unknown,active
American Sewing Supply,Electronics & Technology,https://americansewingsupply.net,+1 212 239 3695,xxx@verizon.net,New York,NY,90,Mid-Market,active
Beyond LED Technology,Electronics & Technology,https://beyondledtechnology.com,+1 770 491 7272,xxx@beyondledtechnology.com,,,90,Unknown,active
Daiso Japan,Apparel & Fashion,https://daisojapan.com,+1 408 982 3850,xxx@dakotaalert.com,,,90,Unknown,active
Daniel Smart Manufacturing Inc,Apparel & Fashion,https://danielsmartmfg.com,+1 443 961 8501,xxx@danielsmartmfg.com,,,90,Unknown,active
"Petique, Inc.",Pet Products,https://petique.com,+1 909 673 0998,xxx@petique.com,Ontario,CA,100,Unknown,active
Pillow Pets,Pet Products,https://pillowpets.com,+1 760 724 7225,xxx@mypillowpets.com,Carlsbad,CA,90,Mid-Market,active
"A & J Tool & Findings Company, Inc",Industrial & Manufacturing,https://ajfindings.com,+1 508 695 5211,xxx@ajfindings.com,inc.,,90,Mid-Market,active
Epilog Laser,Industrial & Manufacturing,https://epiloglaser.com,+1 303 277 1188,xxx@epiloglaser.com,Golden,CO,100,Enterprise,active
Nhm Distributing,Toys & Games,https://nhmdistributing.com,+1 877 273 1172,xxx@nhmdistributing.com,Phoenix,AZ,90,Mid-Market,active
BONKA BIRD TOYS,Toys & Games,https://bonkabirdtoys.com,+1 954 557 0358,xxx@bonkabirdtoys.com,,,90,Unknown,active
McKesson,Health & Medical,https://mckesson.com,+1 415 983 8300,xxx@mckesson.com,,,90,Unknown,active
PL360,Health & Medical,https://pl360pet.com,+1 888 738 7360,xxx@pl360pet.com,Westbury,NY,100,SMB,active
ECS Tuning LLC,Automotive,https://ecstuning.com,+1 330 825 0826,xxx@ecstuning.com,,,90,Unknown,active
Accessories Unlimited LLC,Automotive,https://accessoriesunlimited.com,+1 505 888 5811,xxx@accunlimited.com,,,90,Unknown,active
Trendz N Styel,Home & Furniture,https://csstyletrading.com,+1 212 679 8888,xxx@gmail.com,New York,NY,100,Mid-Market,active
"Duke Imports, Inc.",Home & Furniture,https://dukeimports.com,+1 260 665 1100,xxx@dukeimports.com,olis,,90,SMB,active
